<appaction uniquename="contoso__LockPermit!dc1b69e7665541c3b15d2ca0d11714d9!contoso_PermitManagement!contoso_permit!0">
  <appmoduleid>
    <uniquename>contoso_PermitManagement</uniquename>
  </appmoduleid>
  <buttonlabeltext default="Lock Permit">
    <label description="Lock Permit" languagecode="1033" />
  </buttonlabeltext>
  <buttontooltiptitle default="Lock Permit">
    <label description="Lock Permit" languagecode="1033" />
  </buttontooltiptitle>
  <context>1</context>
  <contextentity>
    <logicalname>contoso_permit</logicalname>
  </contextentity>
  <contextvalue>contoso_permit</contextvalue>
  <fonticon>Lock</fonticon>
  <hidden>0</hidden>
  <iscustomizable>1</iscustomizable>
  <isdisabled>0</isdisabled>
  <isgrouptitlehidden>0</isgrouptitlehidden>
  <location>0</location>
  <name>LockPermit!dc1b69e7665541c3b15d2ca0d11714d9</name>
  <onclickeventjavascriptfunctionname>ContosoPermit.Scripts.PermitForm.lockPermit</onclickeventjavascriptfunctionname>
  <onclickeventjavascriptparameters>[{"type":5}]</onclickeventjavascriptparameters>
  <onclickeventjavascriptwebresourceid>
    <webresourceid>e126761e-563d-ef11-8409-000d3a4fc2d9</webresourceid>
  </onclickeventjavascriptwebresourceid>
  <onclickeventtype>2</onclickeventtype>
  <origin>0</origin>
  <sequence>100100015.0000000000</sequence>
  <statecode>0</statecode>
  <statuscode>1</statuscode>
  <type>0</type>
  <visibilitytype>0</visibilitytype>
</appaction>