{
  "properties": {
    "connectionReferences": {
      "shared_commondataserviceforapps": {
        "runtimeSource": "embedded",
        "connection": {
          "connectionReferenceLogicalName": "contoso_sharedcommondataserviceforapps_2d226"
        },
        "api": {
          "name": "shared_commondataserviceforapps"
        }
      }
    },
    "definition": {
      "$schema": "https://schema.management.azure.com/providers/Microsoft.Logic/schemas/2016-06-01/workflowdefinition.json#",
      "contentVersion": "1.0.0.0",
      "parameters": {
        "$connections": {
          "defaultValue": {},
          "type": "Object"
        },
        "$authentication": {
          "defaultValue": {},
          "type": "SecureObject"
        }
      },
      "triggers": {
        "manual": {
          "metadata": {
            "operationMetadataId": "7dc6ab36-ad9a-44a9-a448-6ebedc9fa04e"
          },
          "type": "Request",
          "kind": "PowerAppV2",
          "inputs": {
            "schema": {
              "type": "object",
              "properties": {
                "text": {
                  "title": "InspectionID",
                  "type": "string",
                  "x-ms-dynamically-added": true,
                  "description": "GUID",
                  "x-ms-content-hint": "TEXT"
                }
              },
              "required": [
                "text"
              ]
            }
          }
        }
      },
      "actions": {
        "CancelComments": {
          "runAfter": {},
          "metadata": {
            "operationMetadataId": "ab66ecc1-84d7-44a6-8b17-4f87153cfdee"
          },
          "type": "OpenApiConnection",
          "inputs": {
            "host": {
              "connectionName": "shared_commondataserviceforapps",
              "operationId": "UpdateRecord",
              "apiId": "/providers/Microsoft.PowerApps/apis/shared_commondataserviceforapps"
            },
            "parameters": {
              "entityName": "contoso_inspections",
              "recordId": "@triggerBody()['text']",
              "item/contoso_comments": "@null"
            },
            "authentication": "@parameters('$authentication')"
          }
        },
        "GetPermit": {
          "runAfter": {
            "CancelComments": [
              "Succeeded"
            ]
          },
          "metadata": {
            "operationMetadataId": "ab755b65-130d-4d6a-b50e-c6d6d238444b"
          },
          "type": "OpenApiConnection",
          "inputs": {
            "host": {
              "connectionName": "shared_commondataserviceforapps",
              "operationId": "GetItem",
              "apiId": "/providers/Microsoft.PowerApps/apis/shared_commondataserviceforapps"
            },
            "parameters": {
              "entityName": "contoso_permits",
              "recordId": "@outputs('CancelComments')?['body/_contoso_permit_value']"
            },
            "authentication": "@parameters('$authentication')"
          }
        },
        "Respond_to_a_Power_App_or_flow": {
          "runAfter": {
            "GetPermit": [
              "Succeeded"
            ]
          },
          "metadata": {
            "operationMetadataId": "c3be5bcd-7aae-46d4-a07d-4f79c4184b84"
          },
          "type": "Response",
          "kind": "PowerApp",
          "inputs": {
            "statusCode": 200,
            "body": {
              "startdate": "@outputs('GetPermit')?['body/contoso_startdate']"
            },
            "schema": {
              "type": "object",
              "properties": {
                "startdate": {
                  "title": "startdate",
                  "x-ms-dynamically-added": true,
                  "type": "string",
                  "format": "date"
                }
              }
            }
          }
        }
      }
    },
    "templateName": null
  },
  "schemaVersion": "1.0.0.0"
}