{
  "properties": {
    "connectionReferences": {
      "shared_commondataserviceforapps": {
        "api": {
          "name": "shared_commondataserviceforapps"
        },
        "connection": {
          "connectionReferenceLogicalName": "contoso_sharedcommondataserviceforapps_2d226"
        },
        "runtimeSource": "embedded"
      }
    },
    "definition": {
      "$schema": "https://schema.management.azure.com/providers/Microsoft.Logic/schemas/2016-06-01/workflowdefinition.json#",
      "contentVersion": "1.0.0.0",
      "parameters": {
        "$authentication": {
          "defaultValue": {},
          "type": "SecureObject"
        },
        "$connections": {
          "defaultValue": {},
          "type": "Object"
        }
      },
      "triggers": {
        "Recurrence": {
          "type": "Recurrence",
          "recurrence": {
            "frequency": "Month",
            "interval": 1,
            "startTime": "2024-07-04T17:00:00Z"
          },
          "metadata": {
            "operationMetadataId": "aee549ee-e199-4739-98f8-3362423212b4"
          }
        }
      },
      "actions": {
        "Inspections": {
          "type": "OpenApiConnection",
          "inputs": {
            "parameters": {
              "entityName": "contoso_inspections",
              "$filter": " statuscode ne 330650001"
            },
            "host": {
              "apiId": "/providers/Microsoft.PowerApps/apis/shared_commondataserviceforapps",
              "operationId": "ListRecords",
              "connectionName": "shared_commondataserviceforapps"
            }
          },
          "runAfter": {},
          "metadata": {
            "operationMetadataId": "f9ffb612-3010-47fe-a211-baa10fe340ab"
          }
        },
        "Loop": {
          "type": "Foreach",
          "foreach": "@outputs('Inspections')?['body/value']",
          "actions": {
            "Update_Inspection": {
              "type": "OpenApiConnection",
              "inputs": {
                "parameters": {
                  "entityName": "contoso_inspections",
                  "recordId": "@items('Loop')?['contoso_inspectionid']",
                  "item/contoso_scheduleddate": "@{utcNow()}",
                  "item/statuscode": 330650001
                },
                "host": {
                  "apiId": "/providers/Microsoft.PowerApps/apis/shared_commondataserviceforapps",
                  "operationId": "UpdateRecord",
                  "connectionName": "shared_commondataserviceforapps"
                }
              },
              "metadata": {
                "operationMetadataId": "14d009b8-fd5a-44bb-9dbc-89c75ba0760e"
              }
            }
          },
          "runAfter": {
            "Inspections": [
              "Succeeded"
            ]
          },
          "metadata": {
            "operationMetadataId": "ce122094-d442-4006-9832-9edf7e216535"
          }
        }
      }
    },
    "templateName": null
  },
  "schemaVersion": "1.0.0.0"
}