{
  "properties": {
    "connectionReferences": {
      "shared_commondataserviceforapps": {
        "runtimeSource": "embedded",
        "connection": {
          "connectionReferenceLogicalName": "contoso_sharedcommondataserviceforapps_2d226"
        },
        "api": {
          "name": "shared_commondataserviceforapps"
        }
      }
    },
    "definition": {
      "$schema": "https://schema.management.azure.com/providers/Microsoft.Logic/schemas/2016-06-01/workflowdefinition.json#",
      "contentVersion": "1.0.0.0",
      "parameters": {
        "$connections": {
          "defaultValue": {},
          "type": "Object"
        },
        "$authentication": {
          "defaultValue": {},
          "type": "SecureObject"
        }
      },
      "triggers": {
        "Recurrence": {
          "recurrence": {
            "frequency": "Month",
            "interval": 1,
            "startTime": "2024-07-04T17:00:00Z"
          },
          "metadata": {
            "operationMetadataId": "860d2f51-4402-4531-95de-3052ce658bbc"
          },
          "type": "Recurrence"
        }
      },
      "actions": {
        "Inspections": {
          "runAfter": {},
          "metadata": {
            "operationMetadataId": "1f644c2c-64cd-4b51-a89a-1b0d3dd3aeea"
          },
          "type": "OpenApiConnection",
          "inputs": {
            "host": {
              "connectionName": "shared_commondataserviceforapps",
              "operationId": "ListRecords",
              "apiId": "/providers/Microsoft.PowerApps/apis/shared_commondataserviceforapps"
            },
            "parameters": {
              "entityName": "contoso_inspections",
              "$filter": " statuscode ne 330650001"
            },
            "authentication": "@parameters('$authentication')"
          }
        },
        "Loop": {
          "foreach": "@outputs('Inspections')?['body/value']",
          "actions": {
            "Update_Inspection": {
              "runAfter": {},
              "metadata": {
                "operationMetadataId": "ae65991a-2ec9-48c1-8fd8-5562afd3a57a"
              },
              "type": "OpenApiConnection",
              "inputs": {
                "host": {
                  "connectionName": "shared_commondataserviceforapps",
                  "operationId": "UpdateRecord",
                  "apiId": "/providers/Microsoft.PowerApps/apis/shared_commondataserviceforapps"
                },
                "parameters": {
                  "entityName": "contoso_inspections",
                  "recordId": "@items('Loop')?['contoso_inspectionid']",
                  "item/statuscode": 330650001
                },
                "authentication": "@parameters('$authentication')"
              }
            }
          },
          "runAfter": {
            "Inspections": [
              "Succeeded"
            ]
          },
          "metadata": {
            "operationMetadataId": "c582587f-11cb-4faa-a4c9-f0e0803c2743"
          },
          "type": "Foreach"
        }
      }
    },
    "templateName": null
  },
  "schemaVersion": "1.0.0.0"
}